01,1
02,1
10,9
11,2
12,3
14,1
15,4
16,2
18,5
19,2
20,10
2016,1
22,4
23,1
25,2
26,2
28,2
29,1
30,6
31,1
32,4
33,3
34,1
35,1
36,1
37,2
38,1
39,1
40,2
42,2
44,1
45,1
46,2
47,2
50,11
51,2
52,2
55,6
56,1
58,1
60,3
61,1
62,1
64,1
66,2
70,3
72,1
73,1
74,1
75,3
77,1
80,3
83,2
85,1
86,2
91,2
93,1
95,1
97,2
98,1
99,3
abs,2
acu,1
ae,1
amp,2
anniversary,1
avigo,16
big,1
bmw,5
bmx,1
bp,1
brian,1
cm,55
com,1
dmm,1
dx,2
edition,1
eps,1
figuarts,2
gs,1
gt,2
hardcandy,1
hummer,2
hypersport,1
ic,2
in,4
ir,1
jewelry,2
junior,1
kg,10
led,3
lego,1
let,1
lykan,1
mclaren,1
mikasa,1
mm,5
mr,1
nanaco,1
nanoblock,1
nanolock,1
new,2
nfc,1
no,2
off,3
ok,1
on,1
one,1
pcs,2
piece,1
pom,1
qr,2
ride,1
scx,1
sl,1
th,1
tnt,1
up,1
uv,3
ver,2
yc,1
あい,2
あお,1
あげ,1
あげる,2
あこがれ,3
あそび,6
あそぼ,1
あちこち,1
あっ,2
あつい,1
あと,2
あの,1
あみ,1
あめ,2
あらゆる,1
あり,12
ある,19
あれ,2
あわせ,3
いい,1
いき,4
いきなり,1
いく,2
いくつ,1
いける,1
いこ,1
いざ,1
いただい,1
いただき,44
いただけ,1
いただけれ,1
いっしょ,4
いっぱい,21
いっぽう,2
いつ,1
いなし,1
いなす,1
いよいよ,1
いる,37
いれよ,1
いれる,2
いろいろ,15
いろんな,2
いん,1
うえ,1
うかび,1
うかびあがり,1
うきうき,4
うきでる,4
うしなわ,2
うじ,1
うずまき,1
うち,3
うまく,1
うれしい,1
うろこ,1
えん,1
おう,1
おえ,10
おおきな,1
おか,1
おかず,1
おく,1
おけ,2
おしゃべり,4
おしゃれ,12
おす,1
おすすめ,3
おすわり,1
おっ,1
おなじみ,3
おなべ,2
おなら,1
おの,1
おばけ,2
おぼえ,1
おまけ,1
おもしろ,1
おもちゃ,11
おや,1
おり,10
おりたたみ,2
おりる,1
お世話,3
お出かけ,2
お化け,1
お子さま,15
お子さん,1
お子様,28
お宝,1
お客,44
お家,3
お手本,1
お札,1
お気に入り,4
お菓子,1
お鍋,1
かい,1
かお,6
かおり,1
かがやき,2
かき,16
かぎ,2
かくし,1
かけ,1
かけよ,1
かご,1
かざっ,1
かじ取り,1
かた,2
かたず,1
かたち,3
かたづけ,2
かたまる,1
かちとる,1
かっこいい,8
かっぱ,1
かつ,1
かぶっ,2
から,61
からまっ,1
かわい,1
かわいい,7
かわいく,1
かわいらしい,1
かわし,4
かん,2
かんな,1
がけ,1
がれき,1
きいろ,1
きか,1
きかんしゃトーマス,1
きが,1
きち,1
きちんと,1
きみ,1
きょう,1
きり,1
きれい,1
きん,4
ぎねんどを,1
ぎのねんどです,1
くすぐる,1
ください,48
くっつき,3
くつ,1
くつろぐ,1
くま,3
くみかえ,1
くみたて,1
くらい,1
くり返し,2
くる,7
くれる,1
くろ,1
くわしい,1
ぐらぐら,2
ぐるぐる,2
けがし,1
けど,2
けり,5
けん,2
けんしよ,1
こい,1
こう,1
こうそく,1
こげ,1
ここ,1
こし,1
こしょう,2
こそ,1
こだわっ,1
こだわり,1
こちら,2
こと,38
ことば,1
この,16
こまち,1
こむ,2
こめ,1
こり,1
これ,2
ころ,1
ござい,12
ごたえ,1
ごっこ,11
ごと,3
ごはん,2
ごろ,1
さあ,2
さかな,1
さがし,2
さっと,1
さて,1
さま,44
さまざま,3
さまよい,1
さらに,3
さわやか,1
さん,8
さんぽ,1
ざい,1
ざる,1
ざんがいをすくって,1
しか,1
しかけ,1
しかける,1
しかも,1
しき,1
しげ,2
しっかり,3
しっぽ,2
してやろ,1
しまう,1
しまえ,3
しまっ,1
しゃ,2
しょ,1
しよ,21
しり,1
しろ,1
じゃ,2
すいすい,2
すう,1
すぎ,1
すぐ,8
すごい,1
すすみ,1
すっぽり,3
すべて,1
すべり台,6
すべる,1
する,58
すれ,1
せよ,5
せる,1
せれ,1
ぜんまい,1
そう,4
そして,5
そっくり,8
その,48
そらし,1
それ,1
それから,1
それぞれ,2
それとも,2
そろい,1
そんな,1
ぞう,2
ぞうり,1
たい,2
たいさ,1
たく,1
たくさん,17
たすけ,1
たずさえ,1
たた,2
たたかっ,1
たため,2
たためる,1
たたん,1
たち,17
たっぷり,3
たどり着い,1
たのしく,1
たび,1
たま,3
ため,6
たら,26
たり,26
たん,1
たんと,1
だけ,14
だし,2
だって,1
だま,1
だら,3
だらけ,1
だり,2
だれ,1
ちいさな,2
ちゃ,1
ちゃう,7
ちゃお,8
ちゃん,4
っぽい,1
つい,8
つかっ,2
つかまえ,1
つかみ,1
つかも,2
つかん,1
つき,8
つきとめ,1
つくっ,5
つくら,1
つくれる,2
つくろ,1
つくろう,1
つけ,3
つけよ,1
つけれ,1
つけろ,1
つない,1
つなげ,2
つなご,1
つの,1
つばさ,1
つぶし,1
つまっ,3
つま先,1
つみ,3
つむ,2
つめ,1
つり橋,2
つん,1
づらい,1
てる,3
てわたす,1
でき,49
できる,36
でし,2
です,232
でも,23
でる,3
といった,2
とう,2
とき,3
ときはなて,1
ところ,2
として,21
とっても,8
とつ,1
とても,3
とともに,1
とにかく,1
とまっ,1
とも,1
とりくむ,1
とろ,1
と共に,1
どう,2
どう猛,1
どこ,3
どちら,2
どなた,1
どの,2
ども,1
どれ,5
どんな,2
どんぶり,1
ない,26
なお,2
なおし,2
なか,2
なかっ,2
ながら,29
なく,6
なし,2
なじむ,1
なぞる,1
なっ,34
なで,1
など,40
なにか,1
なら,5
なり,25
なる,18
なれ,1
なれる,1
なん,3
にかけ,1
にぎやか,1
にくい,1
にくく,2
によって,4
により,10
による,1
にわたって,1
ぬり,7
ねじり,1
ねらえ,1
ねん,14
のこぎり,1
のせ,2
のぞい,1
のっ,2
ので,94
のに,3
のぼっ,3
のみ,1
はい,3
はいっ,1
はいで,1
はく,1
はさみ,1
はじ,1
はじまり,2
はじめ,2
はじめて,2
はじめよ,1
はじめる,1
はず,1
はずれ,1
はな,1
はめる,1
はやく,1
はら,1
はん,1
ばい,4
ばかり,1
ばっち,1
ばん,1
ひきい,1
ひつ,1
ひとつ,2
ひとり,1
ひねり,1
ひねる,2
ひらめき,1
ひらり,1
びっくらたまご,2
びっくらたまごです,2
ぴったり,3
ふき,1
ふくらませる,1
ふくらみ,1
ふさがる,1
ふしぎ,2
ふっとば,1
ふるい,1
ふるえ,1
ふろ,1
ふんわり,1
ぶと,1
へび,1
ぺこあおむしが,1
ぺん,2
ほか,1
ほっ,1
ほん,2
まえる,3
まし,19
ましょ,6
ます,246
ますます,1
まずは,1
ませ,74
また,8
またがり,1
またぎ,1
または,44
まだ,1
まち,1
まっ,1
まで,16
まな板,1
まね,2
まま,6
ままごと,31
まわり,3
みかん,3
みせ,3
みたい,4
みどり,1
みよ,6
みんな,7
むき出し,1
むけ,1
むらさ,1
めがけ,1
もぐろ,1
もち,1
もちろん,4
もっ,4
もっと,5
もつ,2
もと,1
もの,9
ゃもじでお,1
やく,1
やすい,3
やすく,12
やっ,1
やっつける,1
やぶ,1
やわらか,2
ゅんすいな,1
ゆう,1
ゆうじ,1
ゆったり,1
ゆるやか,1
ょうな,1
ょくをはっきしよう,1
ょとなった,1
よう,18
よかっ,1
よく,2
よそっ,1
より,16
らしい,2
られ,6
られる,5
りん,1
れる,7
わかり,1
わかる,1
わくわく,3
わすれ,1
わたし,3
われ,1
アイシャドウ,2
アイス,1
アイスキャッスル,1
アイスクリーム,4
アイテム,12
アイデア,2
アウトドア,5
アクアネイルスタジオ,1
アクション,8
アクセサリ,4
アクセサリー,14
アクセス,1
アクセル,2
アスレチック,1
アタック,3
アッシュ,2
アップ,3
アナ,4
アニア,1
アニバーサリーシリーズ,1
アニマルアドベンチャー,1
アニメ,2
アポロ社,1
アミューズメント,3
アメリカン,1
アメリカンテイスト,1
アラジン,1
アラメ,2
アリ,1
アリス,1
アルファベット,3
アレックス,1
アレルギー,1
アレンジ,1
アロー,1
アンカー,1
アンダー,1
アンドレア,1
アンパン,27
アンパンマンマーチ,1
アーチェリー,1
アート,2
アーム,2
アーロン,1
イエロー,2
イカリ,1
イギリス,1
イグニッションサウンド,1
イタリア,1
イチ,2
イット,1
イマジナリウム,13
イメージ,10
イラスト,1
イレブン,2
イン,1
インク,5
インクレディブル,1
インゴット,1
インスパオア,1
インタラクティブ,1
インターナショナルレスキー,1
インチ,5
インテリア,2
インドア,4
インフェルノックス,2
インプレッサ,1
イーゼル,7
ウィザー,1
ウィザースケルトン,1
ウィング,1
ウィングファイター,1
ウイング,1
ウインチ,1
ウエイト,1
ウエポンアイテム,2
ウォッチ,1
ウォーカービークル,2
ウォーズ,1
ウッド,3
ウルスラ,1
ウルトラマン,4
ウロチョロ,1
エアロ,1
エアー,1
エイリアン,1
エクササイズ,1
エクス,1
エクスカリバー,1
エクト,4
エズラ,1
エフェクト,1
エリート,3
エル,1
エルサ,4
エレガント,1
エレメント,1
エンジョイ,1
エンジン,3
エンダーアイ,2
エンダーマン,1
エンドポータル,1
オシャレ,6
オススメ,3
オセロ,1
オビ,1
オフシーズン,1
オフロードポリスカー,1
オプション,1
オラフ,1
オリジナル,46
オリジナルダイヤモンドフレーム,1
オリジナルトミカ,2
オリバー,1
オリビア,1
オルガン,1
オルゴール,1
オルフ,1
オレンジ,2
オンライン,1
オーウェン,1
オーガナイザー,1
オーク,1
オート,3
オートバイ,1
オーバー,1
オービットドライバー,1
オービトン,2
オーブン,8
オールインワン,1
カイ,1
カギ,5
カゴ,17
カジノ,1
カスタマイズ,3
カッ,1
カッコ,1
カッコイイ,1
カット,3
カップ,2
カナヅチ,1
カプセル,4
カメ,1
カラオケ,2
カラフル,20
カラー,9
カワイイ,5
カワイイハートマーク,1
カンタン,4
カー,5
カーキャリアカー,1
カーテン,1
カート,2
カード,8
カーブ,1
カ子,2
ガイ,1
ガイドブック,1
ガオーレディスク,2
ガシャポン,1
ガシャポンマシン,3
ガスト,1
ガスレンジ,1
ガット,1
ガラス,1
ガレオン,1
ガード,3
ガールズキッズバイク,5
キッズ,1
キッズスペース,1
キッズバイク,5
キッズパークシリーズ,1
キッズヘルメット,1
キッチン,21
キット,1
キティ,1
キティちゃん,2
キネティックサンド,3
キノコ,2
キバ,2
キミ,1
キメれ,1
キャッチ,1
キャノン,2
キャラ,1
キャラクター,10
キャリア,1
キャリー,2
キャリーバッグ,1
キャンセル,44
キャンディー,1
キャンドル,1
キャンバス,1
キャンプ,3
キュート,6
キューブ,6
キラキラ,7
キリン,2
キン,4
ギア,1
ギター,1
ギフト,2
ギミック,2
クィーン,1
クッキング,4
クッパ,2
クラクション,1
クラブ,2
クラブハウス,2
クラリネット,1
クリ,2
クリスタル,1
クリスマス,1
クリーパー,2
クリーマー,1
クリーン,1
クルマ,3
クレイ,1
クレジットカード,1
クレナイ,1
クレヨラ,1
クレヨン,1
クレーン,5
クローラクレーン,1
クローン,1
クローンアーミー,1
クール,5
グッ,1
グッズ,2
グモ,1
グランド,1
グリッタードーム,1
グリップ,6
グリル,1
グリーン,2
グルグルデコレーション,1
グロウストーン,1
グロス,2
グロブリン,1
ケガ,2
ケノービ,1
ケビン,1
ケルベウス,1
ケーキ,3
ケース,10
ケープ,1
ゲット,2
ゲート,1
ゲーム,23
ゲームセンター,1
コア,1
コイン,2
コスメ,3
コックピット,1
コップ,1
コツ,2
コミック,1
コレクション,1
コレクター,1
コロロン,1
コロロンシリーズ,1
コロン,1
コン,1
コントラスト,1
コントローラー,1
コントロール,7
コンパクト,13
コンパス,1
コンプリート,1
コンボイオリジナルカラー,1
コンポ,1
コンロ,2
コース,4
コースター,2
コード,1
コーヒー,2
コール,1
コーン,2
ゴム,1
ゴー,1
ゴージャス,1
ゴーストアイコン,1
ゴーストバスターズ,3
ゴール,9
ゴーレム,2
サイクル,1
サイズ,40
サイド,1
サイモン,1
サウンド,9
サクッ,8
サスペンション,2
サソリ,1
サッカー,7
サトシ,1
サドル,3
サポート,3
サメ,1
サンシェード,6
サンドウィッチ,1
サンリオ,1
サーフイン,1
ザメ,1
シェフ,2
システム,1
シティ,2
シャトル,6
シャボン,3
シャワー,3
シャーシ,1
シューター,5
シューティング,1
シュート,8
ショット,1
ショッピング,1
ショベル,1
ショー,2
シリコン,1
シリコーン,3
シリンダー,2
シリーズ,20
シルバー,1
シンデレラ,1
シンドローム,1
シンプル,1
シート,14
シール,4
シールド,2
シーン,3
ジェイ,2
ジェストロ,4
ジェダイ,1
ジェット,6
ジグソー,1
ジム,5
ジャ,2
ジャック,1
ジャパン,1
ジャングル,1
ジャングルジム,4
ジャンボ,2
ジャンボバドミントンラケット,1
ジュウオウキューブウエポン,2
ジュウオウキング,2
ジュウオウジャー,3
ジュエリー,1
ジュラシック,1
ジュー,2
ジーニー,1
スイスイ,1
スイッチ,3
スイーツ,2
スウェーデン,2
スカイライン,1
スカリー,2
スカート,1
スキャナー,3
スキャン,1
スキューバスクーター,2
スキューバダイバー,1
スクリーン,1
スケーティング,1
スケート,3
スケール,5
スコップ,1
スタイリッシュ,1
スタイリング,2
スタイル,1
スタジアム,1
スタジオ,1
スタッツ,3
スタッドシューター,1
スタンダード,2
スタンド,2
スタンプ,4
スター,5
スターターセット,1
スタート,1
ステアリング,1
スティッチ,1
スティーブ,2
ステキ,2
ステッカー,1
ステップ,8
ステファニー,1
ステレオサウンド,1
ステーション,1
ストッカー,1
ストック,1
ストップ,2
ストライク,2
ストラックアウト,1
ストーリー,3
ストーン,2
スノーボード,1
スバル,1
スパイダーマン,1
スパナ,1
スパークス,1
スパークルスタジオ,1
スピン,1
スピード,7
スプリング,1
スプーン,1
スペイン,2
スペース,2
スポンジ,1
スポーク,3
スポーツ,2
スポーツカー,1
スポーティー,1
スマッシュ,2
スムーズドライブ,1
スライド,1
スリル,5
スロープ,4
スーパー,1
スーパービークルフォーム,1
ズッピーズ,1
ズーマー,1
セット,89
セツト,2
セブン,2
セブンーイレブンオリジナル,1
セミ,1
セリフ,2
セレナ,1
センサー,2
センター,1
ゼン,1
ソックス,1
ソニック,1
ソニックブレイカー,1
ソフィア,6
ソフト,2
ソフトクリーム,4
ソフトチュール,1
ソング,1
ソードフライヤー,1
ソードランチャー,1
ゾンビ,4
ゾンビピッグマン,1
タイタニック,1
タイトル,1
タイプ,12
タイム,2
タイヤ,10
タウン,1
タクシー,1
タッチ,1
タッチセンサー,1
ターゲット,2
ターボ,1
ターン,1
ダイキャストカー,2
ダイナミック,1
ダイナモ,1
ダイノ,1
ダイバー,1
ダイヤモンド,6
ダウンロード,1
ダスティ,1
ダッシュボード,1
ダメージ,1
ダーツ,2
チェシャ,1
チェス,3
チェスト,3
チェック,1
チェン,1
チップ,2
チャレンジ,2
チャージ,1
チャーム,2
チャーリー,1
チーク,1
チーム,2
ツムツム,1
ツメ,1
ツル,3
ツートン,1
ツール,2
ティアラ,3
ティガスカイタイプ,1
ティー,2
ティーセット,1
ティーポット,1
テイクアウトボックス,1
テクニック,1
テニス,2
テラス,1
テレビ,1
テンション,1
テント,1
テーブル,5
ディスク,1
ディスプレイ,1
ディスプレー,1
ディズニー,3
ディズニープリンセス,1
ディズニープリンセスソフィア,1
ディフェンス,2
ディープシー,3
デイジーダック,1
デコレーション,4
デザイン,14
デモ,1
デュアルレイヤー,6
デュプロ,2
デラックス,5
データ,1
トイ,3
トイオーガナイザー,1
トイザらス,48
トイストーリー,1
トイレ,1
トップ,1
トビー,1
トミ,2
トミカ,27
トミカキャンドル,1
トミカタウン,1
トミカタウンシリーズ,1
トヨタ,1
トラック,4
トラップ,1
トランク,1
トランス,2
トランプ,2
トランポリン,1
トリオ,1
トルーパー,1
トレイ,1
トレイン,2
トレノ,1
トレーシーアイランド,1
トレース,4
トレーラー,3
トロフィー,1
トンネル,3
トートバッグ,1
トーマス,8
トーマストミカ,1
ドア,13
ドキドキ,5
ドクター,2
ドッグハウス,1
ドナルドダック,1
ドミノ,6
ドライバー,6
ドライブ,2
ドライヤー,1
ドラゴン,3
ドラム,1
ドリフトロード,1
ドリル,1
ドリンク,1
ドリー,5
ドリームアーツペン,1
ドリームトミカ,2
ドレス,1
ドレッサー,5
ドロ,4
ドーム,6
ドール,1
ナイトニア,3
ナイトン,1
ナイトンジェット,1
ナイトンバイク,1
ナイロン,2
ナノ,6
ナープナウト,1
ニモ,3
ニャー,1
ニュー,1
ニンジャ,1
ニンジン,1
ネイト,1
ネイマール,1
ネイル,3
ネイルアートマジック,1
ネイルアートマジックファースト,1
ネイルカラー,6
ネオン,1
ネコ,1
ネザー,3
ネザーウォート,1
ネザーラック,1
ネジ,1
ネックスナイツ,2
ネックスパワー,1
ネックレス,3
ネット,1
ノー,1
ノースリーブ,1
ハイ,1
ハイテク,2
ハイパーブルーポリス,2
ハイブリッドスーパーカー,1
ハイポジションコントロールバー,1
ハウス,5
ハシ,3
ハネバシ,1
ハルバート,2
ハロー,2
ハンティング,1
ハンド,2
ハンドブック,1
ハンドル,7
ハンマー,2
ハート,4
ハートレイクシティ,1
バイオリン,2
バイキン,1
バイク,11
バケツ,3
バケーション,1
バス,7
バスケット,1
バズ,3
バズーカ,1
バッキンガム,1
バックル,2
バッグ,6
バッチリ,1
バッティング,1
バッテリー,1
バトル,2
バトルライド,1
バドミントン,4
バナナ,1
バブル,1
バラエティセット,1
バラバラ,1
バランス,4
バリケード,1
バリュー,1
バリー,1
バルコニー,1
バルサ,1
バルセロナ,1
バレリーナ,1
バレーボール,3
バン,2
バンダイ,3
バンチェムズ,4
バー,1
バージョン,8
バージョンアップ,1
バースデー,2
バースト,1
バーン,1
パイ,1
パイプ,5
パイロット,2
パス,2
パズル,5
パック,1
パッケージ,2
パビリオン,6
パフォーマンス,1
パレード,1
パワフル,2
パワー,1
パン,3
パーキング,2
パーシー,1
パーツ,26
パーティ,2
パーティー,3
パール,2
ヒット,1
ヒミツ,1
ヒョコヒョコ,1
ヒヨコ,1
ヒロ,1
ヒント,3
ヒーロー,8
ビッククラブ,1
ビッグ,2
ビル,2
ビークル,1
ビーズ,1
ビーチ,2
ビー玉,1
ピアノ,1
ピカチュウ,1
ピクチュアパズル,2
ピクニック,1
ピタゴラ,1
ピタゴラスイッチ,1
ピッ,2
ピッタリ,6
ピッチャー,1
ピッチング,1
ピッチングシステム,1
ピンク,10
ピンセット,2
ピース,35
ピースピクチャーパズル,1
ピーター,1
ピーチ,2
ピープル,1
ファイル,1
ファインディング,3
ファウヌス,1
ファスナー,1
ファン,1
ファースト,1
フィギュア,20
フィット,1
フィニッシュ,2
フィールド,1
フェラーリ,1
フェンス,1
フォルム,2
フォートレックス,1
フォーム,2
フクロウ,1
フタ,4
フック,2
フットペダル,1
フッド,1
フライパン,3
フラワー,1
フランス,2
フランス語,1
フリ,1
フリー,5
フル,1
フルーツ,3
フレンズ,1
フレーム,12
フロント,3
フロントスピーダー,1
フロート,5
フローリング,1
フワフワ,1
フード,4
ブザー,1
ブック,1
ブラ,3
ブラシ,2
ブラック,3
ブランコ,4
ブランド,41
ブリスターパック,1
ブリック,1
ブリッジ,1
ブルー,8
ブレ,1
ブレイク,1
ブレイズ,1
ブレスレット,1
ブレドソード,1
ブレーキ,5
ブレーキレバーカバー,1
ブロック,39
ブロックス,1
ブンブン,1
ブースター,1
ブーム,2
プテラノドン,1
プラスチック,1
プラチック,1
プラモデル,1
プラレール,4
プリキュア,5
プリンセス,11
プリント,3
プレイ,1
プレイシート,1
プレイハウス,2
プレイマット,1
プレゼント,3
プレミアム,3
プレート,7
プレーヤー,1
プレーンズ,2
プロペラ,2
プロレスラー,1
プー,1
プール,7
ヘア,3
ヘアスタイル,1
ヘッドライト,1
ヘビ,4
ヘリコプター,4
ヘルメット,7
ベイ,6
ベイブレード,11
ベイランチャー,2
ベストセラー,1
ベビー,1
ベビーザ,1
ベリー,1
ベル,4
ベンチ,1
ベーシック,1
ベージュ,1
ベース,1
ペダル,5
ペン,12
ページ,1
ホイール,3
ホットウィール,2
ホットドッグ,3
ホッピング,1
ホテル,2
ホネ,1
ホビー,1
ホルスター,1
ホルスード,2
ホルダー,1
ホワイト,9
ホース,5
ホーム,1
ホームラン,1
ボウ,4
ボタン,10
ボックス,6
ボディ,2
ボトル,1
ボビン,1
ボブ,1
ボリューム,6
ボーイ,1
ボート,2
ボード,24
ボール,23
ボール紙,1
ポイント,2
ポケモンガオーレ,3
ポケモンポンジャンジャン,1
ポスター,3
ポッチ,1
ポット,1
ポップ,1
ポリエステル,1
ポリス,4
ポーズ,2
ポータル,1
ポール,1
マイク,2
マウンテン,2
マウンテンバイク,1
マクラーレン,1
マグネット,11
マグマ,8
マグマシューター,1
マシン,5
マジック,1
マス,1
マスコット,13
マスター,2
マスト,1
マスラニ,1
マット,4
マップ,3
マニュアル,1
ママ,3
マリオ,1
マルチソードライド,1
マレフィセント,1
マン,29
マーク,1
マーチ,2
ミシン,3
ミステリー,1
ミッキー,3
ミッキーマウス,3
ミックス,1
ミニ,14
ミニアニア,1
ミニオン,1
ミニオンズ,1
ミニカー,3
ミニゲーム,1
ミニサイズ,2
ミニダイノ,1
ミニチュアバスケットゴール,1
ミニティアラ,1
ミニバスケットゴール,1
ミニー,2
ミニーマウス,2
ミュージカル,1
ミュージック,1
ミラー,1
メイク,3
メイシー,1
メイヘム,1
メカ,3
メガ,3
メガネ,1
メタリックゴールド,1
メタリックシルバー,1
メタリックピンク,1
メダル,3
メッシ,1
メリケン,1
メロディ,3
メロディアンパンマンカー,1
メーカー,10
モグラ,2
モザイクアートジグソー,1
モチーフ,12
モデリング,1
モデル,5
モバイル,1
モンスター,5
モンスタースポナー,1
モーターサイクル,1
モーターバイク,1
モード,7
ヤン,1
ユグドラシル,1
ユニ,1
ユニーク,3
ヨネックス,1
ヨーロッパ,1
ライダー,2
ライト,18
ライトアップ,1
ライトイヤー,1
ライトセーバー,2
ライトニングアロー,2
ライトランチャー,1
ライバル,2
ライン,1
ラインナップ,6
ラクショーライダープレミアム,2
ラクラク,1
ラクラクターン,1
ラグナルク,1
ラケット,3
ラッカー,1
ラック,2
ラバー,4
ラプター,1
ラボ,2
ラメ,1
ラリー,1
ランス,1
ランダム,1
ランチタイム,1
ランチャグリップ,1
ランチャーグリップ,3
ランドスケープ,1
ランニング,2
ランプ,1
リアル,7
リズム,1
リップ,7
リップスティック,2
リトル,1
リニューアル,3
リバー,1
リフィルパック,1
リフティング,2
リフト,1
リブレス,1
リボルバー,1
リボルビィングバレル,1
リム,3
リンク,1
リンクルスマホン,1
リング,3
リーズナブル,1
リーフレット,2
ルービックキューブ,2
レアベイ,1
レイアウト,3
レイヤー,4
レインボー,1
レクレーション,1
レゴ,10
レゴアーキテクチャー,1
レゴブロック,3
レジスター,3
レジャー,3
レス,1
レスキュー,2
レッカー車,2
レッスン,1
レット,1
レッド,2
レバー,5
レプリカモデル,1
レベル,1
レリーフ,2
レン,1
レンジ,1
レーザー,1
レース,6
レール,11
レーン,1
ロガー,1
ロゴ,2
ロシアンルーレット,1
ロック,3
ロビン,3
ロボ,2
ロボザウルス,1
ロボット,4
ロング,6
ロングセラー,1
ロングタイプトミカ,1
ロンドン,2
ロータリー,2
ローター,1
ローダー,1
ロープ,1
ローラー,1
ロールプレイ,1
ワイ,1
ワイパー,1
ワイヤー,3
ワイルド,2
ワイルドボディ,1
ワインダー,2
ワクワク,3
ワゴン,2
ワン,7
ワンタッチ,2
ワンポイント,2
ワールド,1
ヴァルキリー,2
ヶ所,1
ヶ月,4
一体,1
一周,1
一掃,1
一気に,1
一流,1
一生,1
一番,2
一緒,12
一般,1
一角,1
一輪車,1
一部,4
万端,1
丈夫,5
三角,2
三輪車,11
上げ,1
上っ,1
上り,1
上下,2
上手,3
上映,1
上空,1
上級,1
上陸,1
下げ,1
下さい,7
下り,3
下る,1
不思議,5
不正,44
不要,2
世代,2
世界,13
両方,3
両面,3
並べ,2
並べる,1
並べれ,1
中でも,1
中央,2
中心,1
丸太,3
主人公,3
主役,1
主成分,1
主義,1
乗せ,2
乗っ,8
乗り,6
乗り物,1
乗り込ま,1
乗り込も,1
乗り込ん,1
乗り降り,1
乗る,4
乗れる,2
乗客,2
乗用,6
乾か,1
乾け,2
乾燥,2
了承,45
予め,44
予備,1
予定,1
事前,44
事務所,1
二輪車,1
五角形,1
交換,2
人形,2
人気,27
人物,1
人生,1
今回,1
仕上がり,2
仕切り,1
仕掛け,6
仕様,10
付い,24
付き,63
付く,2
付け,2
付ける,1
付けれ,1
付けろ,1
付属,7
以上,13
以下,1
以外,2
仲間,6
会社,44
伝説,1
伴奏,1
伸ばせる,1
伸縮,1
位置,1
佐藤,1
体型,1
体重,3
作っ,14
作り,4
作り上げ,1
作り出す,1
作り出そ,1
作り方,1
作り直し,2
作る,6
作れ,7
作れる,5
作ろ,3
作品,17
作成,2
作業,3
作製,1
使い,4
使いこむ,1
使い分け,1
使え,6
使える,5
使っ,14
使わ,1
使用,25
供用,2
価格,2
便利,14
促し,1
保存,1
保管,2
保護,1
信号,1
修理,1
修理工,1
倍増,1
倒し,4
倒す,2
倒せ,1
値段,1
停車,3
側面,1
備え,2
傾き,1
元々,1
充実,6
充電,1
先住民,1
先生,1
光っ,2
光り,5
光る,3
光線,1
入っ,30
入ら,1
入り,14
入り口,1
入れ,6
入れる,1
入学,1
入替え,1
入浴,8
入門,1
全て,4
全力,1
全国,1
全身,3
全部,12
全長,2
公園,2
公式,7
公開,1
兼用,1
内容,19
内径,1
内用,1
内臓,1
内蔵,1
円形,1
再現,8
再生,2
写っ,1
写真,1
処理,1
出さ,2
出よ,1
出る,6
出動,2
出来,2
出発,3
出身,1
分かる,1
分かれ,1
分の,2
分離,1
切っ,8
切り替える,1
切り離し,2
切り離せ,1
切れ,3
切替え,1
切込み,1
初めて,4
初心者,1
判断,45
別売,2
別売り,4
制限,4
削っ,1
前後,2
前輪,1
前進,3
剣道,1
創造,3
劇場,1
加え,5
加わり,1
加熱,1
助け,2
効果,3
勉強,2
動い,2
動かし,3
動き,11
動き回り,1
動く,6
動作,1
動物,11
勝ち取ろ,1
勝負,1
包装,1
化学,2
化粧,1
北陸,1
医者,1
卑怯,1
卒業,2
単品,1
単色,2
印象,2
危機,1
危険,1
参戦,1
又は,1
友達,10
反乱,3
反応,2
反撃,2
反響,1
収納,18
収録,1
取っ,1
取り付け,3
取り付けれ,1
取り入れる,2
取り出し,1
取り外し,3
取り戻し,1
取り戻そ,1
取り扱い,1
取る,1
取扱,2
取扱い,1
受け,1
受け継い,1
可動,2
可愛い,4
可愛く,2
可能,26
台紙,1
史上,1
右折,1
各種,1
合っ,1
合わせ,9
合体,6
合計,1
吉本,1
吊り,1
同じ,3
同盟,1
名物,1
名車,1
名門,1
向かお,1
向き,1
向く,1
向け,4
向上,2
含ま,11
吸い上げ,1
吹い,1
吹き,1
吹き矢,1
吹き飛び,1
吹こ,1
周り,3
味わえる,3
呼ぼ,1
商品,51
問わ,1
問題,1
喜び,3
喜劇,1
囚われ,1
四角,1
回す,1
回る,1
回転,7
囲む,1
図書,1
図書館,1
固く,1
固まる,2
固める,1
固定,1
国内,1
国産,1
国際,1
土台,2
土地,1
土曜日,3
圧倒的,1
地上,1
地図,1
地面,5
城塞,1
城壁,1
基地,1
基本,6
基礎,2
場合,54
塗っ,1
塗料,1
増し,1
声色,1
変える,1
変わっ,1
変わり,1
変化,1
変形,7
変更,51
変身,6
変速,3
夕暮れ,1
外し,1
外側,2
外野,1
多く,2
多少,1
夢中,1
大き,1
大きい,1
大きく,4
大きな,9
大人,4
大人気,24
大地,1
大型,4
大変,1
大好き,12
大砲,1
大量,44
天然,1
天空,1
太め,1
奇襲,2
奥地,1
奥行,3
奥行き,2
奪え,1
奪っ,1
女の子,8
女児,1
女王,4
好き,3
好奇,1
好評,3
妖怪,5
妖気,1
妖精,1
始まり,2
始動,1
子ども,1
子供,6
子犬,1
字形,1
存分,2
存在,1
学べ,2
学べる,1
学ぼ,1
学校,1
学習,5
宇宙,1
守ら,2
守り,4
守り抜け,2
守る,2
守れ,1
守ろ,1
安全,8
安定,3
安心,18
完備,1
完全,1
完成,3
完璧,1
定め,2
宝物,3
宝石,4
実感,1
実現,1
実践,1
実際,9
客船,1
室内,3
宮殿,1
家具,2
家庭,4
家族,1
対応,2
対戦,1
対決,1
対話,2
対象,1
封印,1
専用,15
将棋,3
導か,1
小さく,1
小さな,7
小回り,1
小学生,1
小物,5
小麦,2
小麦色,1
居場所,1
居間,1
屈指,1
届く,1
届け,1
屋根,1
展示,4
山脈,1
巡ろ,1
工事,1
工具,2
工場,3
工夫,1
左右,8
左折,1
巧み,2
巨人,1
巨大,2
巻き,1
巻き込み,1
巻き込む,1
帝国,2
帽子,1
年齢,3
幼児,1
幽霊,1
広々,1
広い,1
広がり,1
広がる,2
広げよ,2
広げる,2
広場,1
店屋,1
店舗,1
座ら,1
延長,2
建て,1
建築,1
建設,1
弊社,44
弓矢,2
引き出し,5
引く,1
引っぱっ,1
引っ張ら,1
弟分,1
張り,2
強い,1
強く,1
強力,3
強固,1
強大,1
強敵,1
強烈,1
弾い,2
弾く,1
弾丸,1
当たる,1
当て,2
形状,2
彩色,1
彫り,1
役立つ,1
待望,2
後ろ,1
後進,3
従来,3
得意,1
心地,3
心配,3
必要,3
必見,1
忘れ,2
忘れっぽく,1
忘年会,1
応用,1
忠実,1
快適,1
怖い,1
思いっきり,1
思いつい,2
思いつく,1
思い出,1
思う,1
思う存分,1
思っ,1
急い,1
急げ,1
性別,1
性能,2
恐ろしい,1
恐怖,1
恐竜,1
情報,1
情景,1
想像,9
意味,1
意表,1
愛さ,1
愛らしい,1
愛称,1
愛車,1
感覚,5
慎重,1
成長,10
戦い,1
戦お,2
戦わ,1
戦士,1
戦車,1
戦闘,2
戦隊,4
所在地,1
所属,1
手ごろ,1
手伝っ,2
手元,1
手助け,1
手動,1
手当て,1
手持ち,1
手足,1
手軽,3
手遊び,1
手錠,1
手頃,2
打ち,2
扮する,1
扱い,1
技術,1
投打,1
投球,2
抗菌,3
折り,2
折りたたみ,7
折りたたん,1
押し,6
押し出し,1
押す,7
押せ,2
押手,5
押車,1
担架,1
持ち,3
持ち上げ,2
持ち帰り,2
持ち運び,3
持っ,4
持つ,1
持久,6
指令,1
指先,1
指定,44
挑む,1
挑戦,2
振れ,1
挿入,1
捕まえ,2
捕獲,1
捕食,1
捜索,1
掘り,1
掘り出そ,1
掛け,1
採掘,3
採用,5
探す,1
探せ,1
探検,3
控え,5
推理,1
掲載,1
描い,4
描か,1
描く,2
提供,1
換気,1
換装,1
握っ,1
握り,2
揮発,1
揺らし,1
揺れる,1
搬送,1
搭載,18
携わる,1
撃ち,1
撃ち込ん,1
操作,9
操縦,4
改造,1
攻め,1
攻め込め,1
攻撃,12
放つ,1
放映,1
放置,2
放送,2
救い出せ,1
救う,1
救助,1
救急,2
教え,1
教授,1
教科書,1
散りばめ,1
散歩,4
敬意,1
数々,1
数字,5
数種類,1
整理,1
敷い,1
文字,3
文書,1
料理,18
新しい,9
新しく,2
新た,3
新型,2
新幹線,5
新車,1
方向,2
方式,1
施し,1
施す,1
旅客機,1
旅行,1
日光,3
日常,1
日本,6
日本語,2
日没,1
日産,1
日野,1
早い,1
早変わり,1
明かり,1
明るい,1
易い,1
易く,1
映画,5
是非,1
時間,3
景品,1
暖炉,1
暗黒,1
曲がる,1
曲線,2
更に,3
書か,1
書く,1
書物,1
書院,1
替え,1
替える,1
最も,1
最上階,1
最大,2
最小,1
最強,1
最終,1
最適,12
最高,3
最高峰,1
有機,1
期間,1
木製,8
木製品,1
本人,1
本体,9
本当に,2
本拠地,1
本格,7
本棚,1
本物,10
材質,3
架線,1
柔らかい,2
栄光,1
株式会社,1
植物,1
検束,1
検査,1
楽々,1
楽し,3
楽しい,18
楽しく,35
楽しみ,14
楽しめ,23
楽しめる,19
楽しも,5
楽しん,1
楽器,3
楽曲,1
構え,1
様々,2
様子,1
模写,1
模様,1
樹脂,2
機構,1
機能,14
機関,2
欠か,3
次々,1
次第,1
欧米,1
歌い,1
歌う,1
止まっ,1
止めよ,1
正しく,1
正確,1
武器,3
武装,2
歩い,1
歩き,1
歩く,2
歴代,1
死ん,1
残し,1
残せ,2
残そ,1
残り少なく,1
段階,9
毎月,6
気分,4
気軽,3
水分,1
水晶,1
水溶,5
永遠,3
汚さ,1
汚し,2
汚れ,4
汚れる,2
決め,1
決めよ,1
決戦,2
油圧,1
沼地,1
泥棒,1
注ご,1
注意,4
注文,176
泳ぎ,2
洗い,1
洗っ,1
洞窟,2
活発,1
活躍,7
流し台,1
流れ,7
流れる,2
流れ落ちる,1
流氷,1
浮かび上がる,1
海兵,1
海底,2
海藻,1
海賊,3
海辺,1
浸り,1
消える,2
消し,2
消す,2
消去,1
消火,1
消防,1
消防署,2
消防車,1
淡い,1
深く,1
混ぜ,2
混沌,1
渡さ,1
渡っ,1
渡り,1
渡る,1
湯ぶね,1
満点,5
準備,4
溶剤,1
溶岩,1
滑り台,2
演出,2
演奏,2
漕ぎ,1
激しく,1
火の玉,1
火事,1
炊飯,2
炭酸,2
点検,3
点滅,3
無かっ,2
無し,1
無限,5
焼い,1
焼き,1
焼く,3
焼け,2
煙突,1
照らす,2
燃料,1
爆発,1
爆破,2
爺さん,2
片づけ,3
片付け,3
片手,3
牢獄,1
物資,1
物質,2
特に,1
特別,2
特大,1
特徴,3
特殊,5
特許,1
特長,1
状態,1
狙い,2
狙い打つ,1
狙い打て,2
狙え,1
狭い,1
獣医,1
獲得,3
王国,1
玩具,5
現れ,2
現れる,2
現在,1
現場,2
球体,1
理想,1
生き物,1
生まれ,3
生み,2
生み出す,2
用品,1
用心,1
田舎,1
甲羅,1
男の子,3
町並み,1
画像,8
番組,4
異なり,2
異なる,7
疲れ,1
病院,1
発売,4
発射,3
発揮,1
発明,1
発泡,1
発育,1
発色,1
発見,1
発車,2
発電,1
登っ,1
登場,80
白地,1
白黒,1
皿洗い,1
盗品,1
盛りだくさん,4
盛り上がり,1
監修,5
監督,1
目指し,1
目指せ,1
目指そ,1
目的,44
目立つ,1
直射,3
直径,1
直線,1
相手,4
看板,1
県庁,1
真っ赤,1
着い,1
着き,1
着け,1
着ける,1
着せ,1
着脱,2
瞬発,1
知ら,2
知育,2
石炭,1
砂場,7
砂漠,1
砂遊び,5
硬く,2
硬貨,1
磁石,2
磨く,1
神殿,1
秘密,3
移動,5
種族,1
種類,44
稼げる,1
積み込も,1
積み込ん,1
積ん,1
究極,1
空気,1
空港,1
突き出し,1
突破,1
立ち,1
立ち向かえ,1
立っ,5
立つ,2
立体,11
管理,2
簡単,21
粘り,1
粘土,5
精巧,1
糸巻き,1
純粋,1
素敵,2
素材,15
紫外線,3
紫色,1
細かい,1
終わっ,3
組み,1
組みたて,3
組み合わせ,3
組み合わせよ,1
組み合わせる,1
組み替え,2
組み立,2
組み立て,28
組み立てよ,6
組み立てる,5
組み込ん,1
組め,1
組ん,2
組立,7
組立て,1
結婚式,1
絵かき,13
絵描き,1
絵柄,2
絶対,1
続き,1
続け,1
緊急,3
緑色,1
線形,1
線路,1
編成,1
緩衝,1
練習,3
縫い,1
縫える,1
縫製,1
縮小,1
繰り出そ,1
繰り返し,5
置い,2
置く,1
美味しい,1
翻弄,1
考え,1
耐久,1
耐荷,1
職業,1
育てる,2
育成,1
背もたれ,1
背景,1
胸囲,1
能力,3
膨らま,1
膨らみ,1
自体,1
自分,9
自動,3
自動車,2
自宅,1
自家,1
自律,1
自慢,2
自然,3
自由,11
自販機,1
自身,44
自転車,11
致し,44
興味,1
舞い上がっ,1
舞い降りる,1
航海,1
船長,1
良い,3
色々,1
色付け,1
色合い,2
芸人,1
若干,6
英単語,2
英語,1
茂雄,1
茶碗,1
荷台,2
荷物,3
荷重,1
華やか,1
落ち,1
落ちる,1
落とさ,1
落とし,1
落とせ,5
落下,1
蒸気,2
薄い,1
薔薇,1
蜘蛛,1
行こ,3
行っ,1
行動,1
街並み,1
衛生,2
衝撃,1
表情,1
表現,2
表皮,1
表示,2
被っ,1
被る,1
裁縫,1
装備,5
装填,1
装着,7
装置,1
装飾,1
裏地,1
裏返す,1
補助,14
補給,1
製品,2
複数,45
襲わ,1
要塞,4
覆い,3
覆わ,2
見える,1
見せ,1
見た目,1
見つけ,2
見張り,1
見舞い,2
見通し,1
視覚,1
覗く,1
覚え,2
覚える,2
親しま,1
親子,3
角度,5
解体,3
解放,1
触れる,1
計測,1
計算,3
記号,1
記念,4
記憶,1
記載,1
記録,1
設置,1
設計,4
許容,1
許諾,1
試し,1
試す,1
試合,1
詰まっ,4
誇る,1
誕生,2
誘き出し,1
説明,6
調整,8
調節,2
警察官,2
豊富,2
象徴,1
豪華,2
貨車,2
販売,1
貯蔵,1
貴重,1
買い,1
買いもの,1
買い替え,1
買い物,1
買っ,1
貼っ,2
貼り,1
貼る,2
貼れる,2
資源,2
賞品,2
質感,1
赤い,1
赤ちゃん,2
赤外線,2
走っ,1
走り,1
走り出,1
走る,1
走行,2
起こさ,1
起動,1
超え,1
越え,1
足し,1
足元,1
距離,1
踏みつけ,1
踏み切り,2
踏切,1
踏切り,1
蹴り,4
身丈,1
身長,15
身頃,2
車両,7
車体,1
車種,1
車輪,2
軌道,1
転がし,4
転倒,1
転売,44
軽い,1
軽く,1
軽減,1
軽量,3
載せ,1
載っ,2
輝く,1
農夫,1
辻本,1
込め,1
近所,1
返す,1
返り討ち,2
迫っ,3
迫る,1
迫力,2
迷路,2
追加,4
追跡,1
退治,1
送信,1
逃げる,1
逃れよ,1
逃れる,1
逆転,1
透明,6
通し,1
通す,1
通る,1
通常,2
速度,1
造形,1
連動,2
連結,5
連絡,88
進む,1
進める,1
進も,1
進化,12
進行,1
遊び,62
遊び方,3
遊ぶ,5
遊べ,12
遊べる,18
遊ぼ,5
遊ん,9
遊具,1
遊園,1
運ぶ,1
運ぼ,2
運ん,1
運動,3
運転,4
過去,1
過敏,1
道具,7
道路,3
達成,1
違う,1
遠心,2
適し,2
適応,2
適正,13
選び,1
選べ,10
選手,1
邪魔,1
部分,10
部品,3
部屋,11
都合,3
都道府県,3
配色,2
配送,176
重ね,1
重厚,1
重機,2
重量,6
野球,2
野菜,2
金属,1
金鉱,1
鉄棒,4
鉱石,1
録音,3
長い,2
長く,6
長老,2
閉じる,1
閉じ込め,1
開い,2
開き,2
開け,1
開ける,3
開始,3
開封,1
開発,1
開閉,5
間違い,2
関節,2
関連,1
闘っ,1
防具,2
防御,1
防止,2
降り,1
降下,1
限定,8
除く,1
隊員,1
隠そ,1
隠れ家,2
雅彦,1
集め,2
集めよ,3
雑貨,1
難い,1
難易,2
難関,1
雪だるま,1
雲の上,1
電動,5
電気,1
電池,4
電車,4
静か,2
非常,1
面積,1
音声,2
音感,1
音楽,2
頂け,1
頂ける,2
頑丈,1
頭文字,2
風呂,9
風景,2
風船,1
飛び,2
飛び乗っ,1
飛び乗り,1
飛び回る,1
飛び立と,1
飛ぶ,5
飛ん,4
飛行,1
飛行機,2
食べ物,13
食パン,1
食事,1
食品,2
食器,2
食材,1
飽き,1
香り,7
香水,1
駅前,1
駆け,2
駆けろ,1
騎士,1
驚かさ,1
高い,4
高く,1
高める,1
高密度,1
高架,1
高級,1
高速,5
魅了,1
魅力,1
魔法,1
魔法つかい,1
魔法使い,2
鳴き,1
鳴っ,1
鳴り,1
鳴る,2
黄色,1
黒い,1
黒曜石,1
黒板,8
１つ,1
２つ,1
７つ,1
ｃｍ,3
